{
    "SFB": [
        0.007974570325337417,
        0.01013963942725527,
        0.012276559675218523,
        0.020875612325538685
    ],
    "LSB": [
        0.01327035496408558,
        0.019181192061741698,
        0.02399675725202443,
        0.03378678791316361
    ],
    "HSB": [
        0.03219271831371475,
        0.040011625476683244,
        0.05192985024105975,
        0.06893682482334836
    ],
    "FSB": [
        0.001642907861060072,
        0.0026858229000779024,
        0.003934646805773611,
        0.006170510275387277
    ],
    "SFS": [
        0.05935809062005165,
        0.06456328262803424,
        0.07292528543414996,
        0.08064987530687555
    ],
    "LSS": [
        0.01595017271073277,
        0.020297431613072448,
        0.024534361039678366,
        0.030225557857748532
    ],
    "HSS": [
        0.06274430346018216,
        0.06907457856221957,
        0.07626001118560471,
        0.08456164503330008
    ],
    "FSS": [
        0.004567501516162921,
        0.006779225861784229,
        0.008285674237998026,
        0.01159028489984998
    ],
    "ALT": [
        0.2749558158812581,
        0.3203370114331295,
        0.3547044356163098,
        0.3853144501618781
    ],
    "ROL": [
        0.3944326055335721,
        0.41569259583652657,
        0.42983835650718677,
        0.4557885105650875
    ],
    "ONE": [
        0.0199221499288362,
        0.02326860816115864,
        0.02697675055132396,
        0.03184169573173593
    ],
    "RED": [
        0.023593146378466302,
        0.030850876644196633,
        0.040670503777155635,
        0.0536817492218903
    ]
}
