{
    "SFB": [
        0.007974570325337417,
        0.01013963942725527,
        0.012276559675218523,
        0.020875612325538685
    ],
    "LSB": [
        0.01327035496408558,
        0.019181192061741698,
        0.02399675725202443,
        0.03378678791316361
    ],
    "HSB": [
        0.03833507973514744,
        0.04536173740356379,
        0.05701423698660889,
        0.07675038370406549
    ],
    "FSB": [
        0.0022202408556688626,
        0.0033856034093891914,
        0.004906345244286311,
        0.007632280261249514
    ],
    "SFS": [
        0.05935809062005165,
        0.06456328262803424,
        0.07292528543414996,
        0.08064987530687555
    ],
    "LSS": [
        0.01595017271073277,
        0.020297431613072448,
        0.024534361039678366,
        0.030225557857748532
    ],
    "HSS": [
        0.0875213893464748,
        0.09792316905112487,
        0.10579902826793824,
        0.11380658895955836
    ],
    "FSS": [
        0.00742899014528796,
        0.010750393092125807,
        0.01277476549782186,
        0.016477811285248188
    ],
    "ALT": [
        0.2749558158812581,
        0.3203370114331295,
        0.3547044356163098,
        0.3853144501618781
    ],
    "ROL": [
        0.3944326055335721,
        0.41569259583652657,
        0.42983835650718677,
        0.4557885105650875
    ],
    "ONE": [
        0.0199221499288362,
        0.02326860816115864,
        0.02697675055132396,
        0.03184169573173593
    ],
    "RED": [
        0.023593146378466302,
        0.030850876644196633,
        0.040670503777155635,
        0.0536817492218903
    ]
}
