{
    "SFB": [
        0.007974570325337417,
        0.01013963942725527,
        0.012276559675218523,
        0.020875612325538685
    ],
    "LSB": [
        0.01327035496408558,
        0.019181192061741698,
        0.02399675725202443,
        0.03378678791316361
    ],
    "HSB": [
        0.03219271831371475,
        0.040011625476683244,
        0.05192985024105975,
        0.06893682482334836
    ],
    "FSB": [
        0.001642907861060072,
        0.0026858229000779024,
        0.003934646805773611,
        0.006170510275387277
    ],
    "SFS": [
        0.05935809062005165,
        0.06456328262803424,
        0.07292528543414996,
        0.08064987530687555
    ],
    "LSS": [
        0.01595017271073277,
        0.020297431613072448,
        0.024534361039678366,
        0.030225557857748532
    ],
    "HSS": [
        0.06274430346018216,
        0.06907457856221957,
        0.07626001118560471,
        0.08456164503330008
    ],
    "FSS": [
        0.004567501516162921,
        0.006779225861784229,
        0.008285674237998026,
        0.01159028489984998
    ],
    "ALT": [
        0.2749558158812581,
        0.3203370114331295,
        0.3547044356163098,
        0.3853144501618781
    ],
    "ROL": [
        0.3944326055335721,
        0.41569259583652657,
        0.42983835650718677,
        0.4557885105650875
    ],
    "ONE": [
        0.0199221499288362,
        0.02326860816115864,
        0.02697675055132396,
        0.03184169573173593
    ],
    "RED": [
        0.023593146378466302,
        0.030850876644196633,
        0.040670503777155635,
        0.0536817492218903
    ],
    "LI": [
        0.13000515451585612,
        0.14313079203377185,
        0.1639964679604429,
        0.17909245722513056
    ],
    "RI": [
        0.11384726973777216,
        0.12916879625743,
        0.1496634340385088,
        0.17296478182478567
    ],
    "RM": [
        0.13042958648603387,
        0.14954055212041995,
        0.15682070766935413,
        0.19510658103355655
    ],
    "LM": [
        0.10012636176001705,
        0.13028974033854512,
        0.13908243093057496,
        0.15043628518174562
    ],
    "LR": [
        0.0822778175301387,
        0.09369202528975121,
        0.09836969405664747,
        0.11800209225495936
    ],
    "LP": [
        0.05444321441698511,
        0.07303133380166206,
        0.07738461605381576,
        0.08660565343819257
    ],
    "RR": [
        0.09369202528975121,
        0.10469158813460898,
        0.1420343155912142,
        0.14880510927791105
    ],
    "RP": [
        0.06861062961214986,
        0.07960486394905511,
        0.08794702375644586,
        0.08999632441696336
    ],
    "LH": [
        0.4266152447525071,
        0.45053676561742184,
        0.46393176464959074,
        0.4945914556831256
    ],
    "RH": [
        0.46722739244569816,
        0.49849388091545943,
        0.5150018160425063,
        0.5347707980364992
    ]
}
